Case ID,Activity,Resource,Complete Timestamp,Worker ID,original_index,End Time
Case 1,Turning & Milling,Machine 4,2012/01/30 05:43:00.000,ID4932,0,2012/01/30 05:43
Case 1,Turning & Milling,Machine 4,2012/01/30 06:42:00.000,ID4932,1,2012/01/30 06:42
Case 1,Turning & Milling,Machine 4,2012/01/30 07:21:00.000,ID4167,2,2012/01/30 07:21
Case 1,Turning & Milling,Machine 4,2012/01/30 10:58:00.000,ID4167,3,2012/01/30 10:58
Case 1,Laser Marking,Machine 7,2012/02/01 08:27:00.000,ID0998,5,2012/02/01 08:27
Case 1,Lapping,Machine 1,2012/02/14 01:15:00.000,ID4882,6,2012/02/14 01:15
Case 1,Lapping,Machine 1,2012/02/14 01:15:00.000,ID4882,7,2012/02/14 01:15
Case 1,Lapping,Machine 1,2012/02/14 10:20:00.000,ID4882,8,2012/02/14 10:20
Case 1,Lapping,Machine 1,2012/02/14 09:38:00.000,ID4882,9,2012/02/14 09:38
Case 1,Round Grinding,Machine 3,2012/02/14 13:37:00.000,ID4445,10,2012/02/14 13:37
Case 1,Round Grinding,Machine 3,2012/02/14 15:27:00.000,ID4445,11,2012/02/14 15:27
Case 10,Turning & Milling,Machine 9,2012/01/17 11:05:00.000,ID3846,16,2012/01/17 11:05
Case 10,Turning & Milling,Machine 9,2012/01/17 20:01:00.000,ID4132,18,2012/01/17 20:01
Case 10,Turning & Milling,Machine 9,2012/01/17 23:43:00.000,ID4132,19,2012/01/17 23:43
Case 10,Turning & Milling,Machine 9,2012/01/18 06:32:00.000,ID4794,20,2012/01/18 06:32
Case 10,Turning & Milling,Machine 9,2012/01/18 07:24:00.000,ID3846,21,2012/01/18 07:24
Case 10,Turning & Milling,Machine 9,2012/01/18 17:55:00.000,ID4132,22,2012/01/18 17:55
Case 10,Turning & Milling,Machine 9,2012/01/18 20:04:00.000,ID4132,23,2012/01/18 20:04
Case 10,Turning & Milling,Machine 9,2012/01/19 06:29:00.000,ID4794,24,2012/01/19 06:29
Case 10,Turning & Milling,Machine 9,2012/01/19 18:09:00.000,ID4132,25,2012/01/19 18:09
Case 10,Turning & Milling,Machine 9,2012/01/19 20:08:00.000,ID4132,26,2012/01/19 20:08
Case 10,Turning & Milling,Machine 9,2012/01/20 05:10:00.000,ID4794,27,2012/01/20 05:10
Case 10,Turning & Milling,Machine 9,2012/01/22 06:34:00.000,ID4641,28,2012/01/22 06:34
Case 10,Turning & Milling,Machine 9,2012/01/22 07:13:00.000,ID3846,29,2012/01/22 07:13
Case 10,Turning & Milling,Machine 9,2012/01/22 17:47:00.000,ID3846,30,2012/01/22 17:47
Case 10,Laser Marking,Machine 7,2012/01/25 10:57:00.000,ID4794,32,2012/01/25 10:57
Case 10,Laser Marking,Machine 7,2012/01/25 12:54:00.000,ID4882,33,2012/01/25 12:54
Case 10,Laser Marking,Machine 7,2012/01/25 14:09:00.000,ID4882,34,2012/01/25 14:09
Case 10,Flat Grinding,Machine 11,2012/01/27 13:00:00.000,ID0998,35,2012/01/27 13:00
Case 10,Flat Grinding,Machine 11,2012/01/29 15:06:00.000,ID0998,36,2012/01/29 15:06
Case 10,Flat Grinding,Machine 11,2012/01/30 16:59:00.000,ID0998,37,2012/01/30 16:59
Case 100,Turning & Milling,Machine 8,2012/02/20 17:57:00.000,ID4219,40,2012/02/20 17:57
Case 100,Turning & Milling,Machine 8,2012/02/21 02:57:00.000,ID4529,41,2012/02/21 02:57
Case 100,Turning & Milling,Machine 8,2012/02/21 11:03:00.000,ID4219,42,2012/02/21 11:03
Case 100,Turning & Milling,Machine 8,2012/02/21 12:08:00.000,ID4219,43,2012/02/21 12:08
Case 100,Laser Marking,Machine 7,2012/03/11 11:06:00.000,ID0998,45,2012/03/11 11:06
Case 100,Flat Grinding,Machine 11,2012/03/11 12:45:00.000,ID0998,46,2012/03/11 12:45
Case 100,Lapping,Machine 1,2012/03/11 13:18:00.000,ID4882,47,2012/03/11 13:18
Case 100,Round Grinding,Machine 3,2012/03/13 10:41:00.000,ID4445,48,2012/03/13 10:41
Case 100,Round Grinding,Machine 3,2012/03/13 15:12:00.000,ID4445,49,2012/03/13 15:12
Case 101,Turning & Milling,Machine 8,2012/03/13 23:03:00.000,ID4219,55,2012/03/13 23:03
Case 101,Turning & Milling,Machine 8,2012/03/13 23:49:00.000,ID4219,56,2012/03/13 23:49
Case 101,Turning & Milling,Machine 8,2012/03/14 01:06:00.000,ID4219,57,2012/03/14 01:06
Case 101,Turning & Milling,Machine 8,2012/03/14 06:28:00.000,ID4794,58,2012/03/14 06:28
Case 101,Turning & Milling,Machine 8,2012/03/14 07:48:00.000,ID0997,59,2012/03/14 07:48
Case 101,Turning & Milling,Machine 8,2012/03/14 11:10:00.000,ID0997,60,2012/03/14 11:10
Case 101,Turning & Milling,Machine 8,2012/03/14 13:30:00.000,ID0997,61,2012/03/14 13:30
Case 101,Flat Grinding,Machine 11,2012/03/15 10:55:00.000,ID0998,63,2012/03/15 10:55
Case 101,Lapping,Machine 1,2012/03/23 12:40:00.000,ID0998,64,2012/03/23 12:40
Case 101,Round Grinding,Machine 12,2012/03/24 23:45:00.000,ID4528,65,2012/03/24 23:45
Case 101,Round Grinding,Machine 12,2012/03/25 06:45:00.000,ID4528,66,2012/03/25 06:45
Case 101,Lapping,Machine 1,2012/03/25 11:00:00.000,ID0998,68,2012/03/25 11:00
Case 101,Laser Marking,Machine 7,2012/03/25 11:29:00.000,ID0998,69,2012/03/25 11:29
Case 102,Turning & Milling,Machine 8,2012/02/27 21:09:00.000,ID4219,71,2012/02/27 21:09
Case 102,Turning & Milling,Machine 8,2012/02/28 01:23:00.000,ID4219,72,2012/02/28 01:23
Case 102,Turning & Milling,Machine 8,2012/02/28 13:26:00.000,ID0997,73,2012/02/28 13:26
Case 102,Turning & Milling,Machine 8,2012/02/28 16:12:00.000,ID0997,74,2012/02/28 16:12
Case 102,Turning & Milling,Machine 8,2012/02/28 17:56:00.000,ID0997,76,2012/02/28 17:56
Case 102,Turning & Milling,Machine 8,2012/02/29 01:29:00.000,ID4219,77,2012/02/29 01:29
Case 102,Turning & Milling,Machine 8,2012/02/29 04:31:00.000,ID4794,78,2012/02/29 04:31
Case 102,Turning & Milling,Machine 8,2012/02/29 11:05:00.000,ID0997,79,2012/02/29 11:05
Case 102,Turning & Milling,Machine 8,2012/02/29 16:00:00.000,ID0997,80,2012/02/29 16:00
Case 102,Turning & Milling,Machine 8,2012/02/29 17:20:00.000,ID0997,82,2012/02/29 17:20
Case 102,Turning & Milling,Machine 8,2012/02/29 17:48:00.000,ID0997,84,2012/02/29 17:48
Case 102,Turning & Milling,Machine 8,2012/03/01 00:11:00.000,ID4219,85,2012/03/01 00:11
Case 102,Laser Marking,Machine 7,2012/03/08 14:41:00.000,ID0998,88,2012/03/08 14:41
Case 102,Lapping,Machine 1,2012/03/09 01:15:00.000,ID4882,89,2012/03/09 01:15
Case 102,Lapping,Machine 1,2012/03/11 11:04:00.000,ID0998,90,2012/03/11 11:04
Case 102,Round Grinding,Machine 3,2012/03/12 08:09:00.000,ID4445,93,2012/03/12 08:09
Case 102,Round Grinding,Machine 3,2012/03/12 08:04:00.000,ID4445,95,2012/03/12 08:04
Case 102,Round Grinding,Machine 3,2012/03/12 10:58:00.000,ID4445,96,2012/03/12 10:58
Case 103,Turning & Milling,Machine 8,2012/03/06 10:18:00.000,ID4219,101,2012/03/06 10:18
Case 103,Turning & Milling,Machine 8,2012/03/08 06:51:00.000,ID0997,102,2012/03/08 06:51
Case 103,Turning & Milling,Machine 8,2012/03/08 16:38:00.000,ID4219,103,2012/03/08 16:38
Case 103,Turning & Milling,Machine 8,2012/03/09 04:35:00.000,ID0997,104,2012/03/09 04:35
Case 103,Turning & Milling,Machine 8,2012/03/09 07:27:00.000,ID0997,105,2012/03/09 07:27
Case 103,Turning & Milling,Machine 8,2012/03/09 10:27:00.000,ID4219,107,2012/03/09 10:27
Case 103,Turning & Milling,Machine 8,2012/03/11 10:37:00.000,ID0997,109,2012/03/11 10:37
Case 103,Turning & Milling,Machine 8,2012/03/11 11:48:00.000,ID0997,110,2012/03/11 11:48
Case 103,Turning & Milling,Machine 8,2012/03/11 16:09:00.000,ID0997,111,2012/03/11 16:09
Case 103,Turning & Milling,Machine 8,2012/03/11 18:35:00.000,ID4219,112,2012/03/11 18:35
Case 103,Laser Marking,Machine 7,2012/03/13 10:46:00.000,ID4355,114,2012/03/13 10:46
Case 103,Flat Grinding,Machine 11,2012/03/13 14:04:00.000,ID0998,115,2012/03/13 14:04
Case 104,Turning & Milling,Machine 5,2012/03/20 02:26:00.000,ID4529,120,2012/03/20 02:26
Case 104,Turning & Milling,Machine 5,2012/03/20 06:41:00.000,ID4529,121,2012/03/20 06:41
Case 104,Turning & Milling,Machine 5,2012/03/20 11:07:00.000,ID4429,122,2012/03/20 11:07
Case 104,Laser Marking,Machine 7,2012/03/21 09:49:00.000,ID4718,125,2012/03/21 09:49
Case 105,Turning & Milling,Machine 4,2012/03/21 06:34:00.000,ID4167,126,2012/03/21 06:34
Case 105,Turning & Milling,Machine 4,2012/03/21 10:31:00.000,ID4932,127,2012/03/21 10:31
Case 106,Turning & Milling,Machine 8,2012/03/15 15:44:00.000,ID0997,128,2012/03/15 15:44
Case 106,Turning & Milling,Machine 8,2012/03/15 20:38:00.000,ID4219,129,2012/03/15 20:38
Case 106,Laser Marking,Machine 7,2012/03/19 10:51:00.000,ID0998,131,2012/03/19 10:51
Case 106,Flat Grinding,Machine 11,2012/03/19 15:20:00.000,ID4882,132,2012/03/19 15:20
Case 107,Turning & Milling,Machine 10,2012/03/30 11:47:00.000,ID4132,136,2012/03/30 11:47
Case 108,Turning & Milling,Machine 4,2012/02/27 06:55:00.000,ID4794,137,2012/02/27 06:55
Case 108,Turning & Milling,Machine 4,2012/02/27 09:13:00.000,ID4529,138,2012/02/27 09:13
Case 108,Turning & Milling,Machine 4,2012/02/27 12:38:00.000,ID4529,140,2012/02/27 12:38
Case 108,Laser Marking,Machine 7,2012/02/28 19:07:00.000,ID0998,142,2012/02/28 19:07
Case 108,Flat Grinding,Machine 11,2012/02/29 01:15:00.000,ID4528,143,2012/02/29 01:15
Case 108,Flat Grinding,Machine 11,2012/02/29 23:04:00.000,ID0420,144,2012/02/29 23:04
Case 108,Lapping,Machine 1,2012/03/01 03:50:00.000,ID0420,145,2012/03/01 03:50
Case 108,Lapping,Machine 1,2012/03/01 03:28:00.000,ID0420,146,2012/03/01 03:28
Case 108,Round Grinding,Machine 3,2012/03/07 11:16:00.000,ID4385,147,2012/03/07 11:16
Case 108,Round Grinding,Machine 3,2012/03/07 14:10:00.000,ID4385,148,2012/03/07 14:10
Case 108,Round Grinding,Machine 3,2012/03/07 15:56:00.000,ID0420,149,2012/03/07 15:56
Case 108,Round Grinding,Machine 3,2012/03/07 19:30:00.000,ID4872,150,2012/03/07 19:30
Case 109,Turning & Milling,Machine 4,2012/03/04 18:01:00.000,ID4932,154,2012/03/04 18:01
Case 109,Turning & Milling,Machine 4,2012/03/04 23:53:00.000,ID4167,155,2012/03/04 23:53
Case 109,Turning & Milling,Machine 4,2012/03/05 01:08:00.000,ID4529,157,2012/03/05 01:08
Case 109,Turning & Milling,Machine 4,2012/03/05 06:43:00.000,ID4529,158,2012/03/05 06:43
Case 109,Turning & Milling,Machine 4,2012/03/05 09:41:00.000,ID4932,159,2012/03/05 09:41
Case 109,Laser Marking,Machine 7,2012/03/15 11:26:00.000,ID0998,162,2012/03/15 11:26
Case 109,Round Grinding,Machine 2,2012/03/21 06:22:00.000,ID4355,163,2012/03/21 06:22
Case 109,Round Grinding,Machine 2,2012/03/21 06:49:00.000,ID4355,164,2012/03/21 06:49
Case 109,Round Grinding,Machine 2,2012/03/21 12:08:00.000,ID4385,165,2012/03/21 12:08
Case 109,Round Grinding,Machine 2,2012/03/23 01:33:00.000,ID4445,166,2012/03/23 01:33
Case 109,Round Grinding,Machine 2,2012/03/23 04:08:00.000,ID4445,167,2012/03/23 04:08
Case 11,Turning & Milling,Machine 10,2012/01/15 23:40:00.000,ID4132,170,2012/01/15 23:40
Case 11,Turning & Milling,Machine 10,2012/01/16 09:49:00.000,ID4641,171,2012/01/16 09:49
Case 11,Turning & Milling,Machine 10,2012/01/16 16:22:00.000,ID4641,173,2012/01/16 16:22
Case 11,Turning & Milling,Machine 10,2012/01/16 23:38:00.000,ID4132,174,2012/01/16 23:38
Case 11,Turning & Milling,Machine 10,2012/01/17 06:37:00.000,ID4932,175,2012/01/17 06:37
Case 11,Turning & Milling,Machine 10,2012/01/17 12:01:00.000,ID4641,176,2012/01/17 12:01
Case 11,Turning & Milling,Machine 10,2012/01/18 09:50:00.000,ID4641,178,2012/01/18 09:50
Case 11,Turning & Milling,Machine 10,2012/01/18 09:56:00.000,ID4641,179,2012/01/18 09:56
Case 11,Turning & Milling,Machine 10,2012/01/18 15:32:00.000,ID4641,180,2012/01/18 15:32
Case 11,Turning & Milling,Machine 9,2012/01/19 09:00:00.000,ID4641,182,2012/01/19 09:00
Case 11,Turning & Milling,Machine 10,2012/01/19 16:00:00.000,ID4641,183,2012/01/19 16:00
Case 11,Turning & Milling,Machine 10,2012/01/19 19:21:00.000,ID4132,184,2012/01/19 19:21
Case 11,Laser Marking,Machine 7,2012/01/22 15:33:00.000,ID4882,185,2012/01/22 15:33
Case 11,Laser Marking,Machine 7,2012/01/24 16:06:00.000,ID4882,187,2012/01/24 16:06
Case 110,Turning & Milling,Machine 6,2012/03/01 06:35:00.000,ID4794,191,2012/03/01 06:35
Case 110,Turning & Milling,Machine 6,2012/03/01 12:36:00.000,ID4529,192,2012/03/01 12:36
Case 110,Turning & Milling,Machine 6,2012/03/01 15:46:00.000,ID4529,194,2012/03/01 15:46
Case 110,Turning & Milling,Machine 6,2012/03/02 06:27:00.000,ID4794,195,2012/03/02 06:27
Case 110,Turning & Milling,Machine 6,2012/03/02 12:47:00.000,ID4167,196,2012/03/02 12:47
Case 110,Turning & Milling,Machine 6,2012/03/04 00:26:00.000,ID4529,197,2012/03/04 00:26
Case 110,Turning & Milling,Machine 6,2012/03/04 06:46:00.000,ID4641,198,2012/03/04 06:46
Case 110,Turning & Milling,Machine 6,2012/03/06 07:29:00.000,ID4794,201,2012/03/06 07:29
Case 110,Turning & Milling,Machine 6,2012/03/08 04:17:00.000,ID4529,202,2012/03/08 04:17
Case 110,Turning & Milling,Machine 6,2012/03/08 11:37:00.000,ID4794,203,2012/03/08 11:37
Case 110,Turning & Milling,Machine 6,2012/03/08 15:52:00.000,ID4794,204,2012/03/08 15:52
Case 110,Turning & Milling,Machine 6,2012/03/08 23:40:00.000,ID4167,205,2012/03/08 23:40
Case 110,Turning & Milling,Machine 6,2012/03/09 06:51:00.000,ID4529,206,2012/03/09 06:51
Case 110,Turning & Milling,Machine 6,2012/03/09 12:27:00.000,ID4429,208,2012/03/09 12:27
Case 110,Turning & Milling,Machine 6,2012/03/11 10:54:00.000,ID4932,209,2012/03/11 10:54
Case 110,Turning & Milling,Machine 6,2012/03/11 06:35:00.000,ID4794,210,2012/03/11 06:35
Case 110,Turning & Milling,Machine 6,2012/03/11 16:09:00.000,ID4529,211,2012/03/11 16:09
Case 110,Turning & Milling,Machine 6,2012/03/11 20:12:00.000,ID4429,214,2012/03/11 20:12
Case 110,Turning & Milling,Machine 6,2012/03/16 06:47:00.000,ID4794,218,2012/03/16 06:47
Case 110,Turning & Milling,Machine 6,2012/03/16 12:49:00.000,ID4529,220,2012/03/16 12:49
Case 110,Turning & Milling,Machine 6,2012/03/18 11:30:00.000,ID4932,221,2012/03/18 11:30
Case 110,Turning & Milling,Machine 6,2012/03/18 02:26:00.000,ID4641,222,2012/03/18 02:26
Case 110,Laser Marking,Machine 7,2012/03/19 16:06:00.000,ID0998,223,2012/03/19 16:06
Case 110,Flat Grinding,Machine 11,2012/03/19 17:43:00.000,ID4528,224,2012/03/19 17:43
Case 110,Laser Marking,Machine 7,2012/03/19 22:32:00.000,ID0997,225,2012/03/19 22:32
Case 110,Flat Grinding,Machine 11,2012/03/20 12:13:00.000,ID4528,227,2012/03/20 12:13
Case 110,Lapping,Machine 1,2012/03/20 11:58:00.000,ID0998,228,2012/03/20 11:58
Case 110,Turning & Milling,Machine 6,2012/03/22 11:51:00.000,ID4794,231,2012/03/22 11:51
Case 110,Turning & Milling,Machine 6,2012/03/22 13:30:00.000,ID4794,233,2012/03/22 13:30
Case 110,Lapping,Machine 1,2012/03/22 14:33:00.000,ID4718,234,2012/03/22 14:33
Case 110,Lapping,Machine 1,2012/03/22 16:22:00.000,ID0998,235,2012/03/22 16:22
Case 110,Flat Grinding,Machine 11,2012/03/22 17:37:00.000,ID0998,236,2012/03/22 17:37
Case 110,Turning & Milling,Machine 6,2012/03/22 23:30:00.000,ID4794,237,2012/03/22 23:30
Case 110,Lapping,Machine 1,2012/03/23 01:15:00.000,ID4882,238,2012/03/23 01:15
Case 110,Turning & Milling,Machine 6,2012/03/23 12:42:00.000,ID4794,240,2012/03/23 12:42
Case 110,Lapping,Machine 1,2012/03/23 11:39:00.000,ID0998,241,2012/03/23 11:39
Case 110,Turning & Milling,Machine 6,2012/03/24 07:00:00.000,ID4167,242,2012/03/24 07:00
Case 110,Turning & Milling,Machine 6,2012/03/25 12:58:00.000,ID4932,243,2012/03/25 12:58
Case 110,Turning & Milling,Machine 6,2012/03/25 03:35:00.000,ID4794,244,2012/03/25 03:35
Case 110,Lapping,Machine 1,2012/03/26 01:15:00.000,ID4882,245,2012/03/26 01:15
Case 110,Laser Marking,Machine 7,2012/03/26 07:16:00.000,ID4882,246,2012/03/26 07:16
Case 110,Lapping,Machine 1,2012/03/27 01:15:00.000,ID4882,247,2012/03/27 01:15
Case 110,Round Grinding,Machine 3,2012/03/28 13:55:00.000,ID4445,249,2012/03/28 13:55
Case 110,Round Grinding,Machine 3,2012/03/28 15:57:00.000,ID4872,250,2012/03/28 15:57
Case 110,Round Grinding,Machine 3,2012/03/28 20:12:00.000,ID4528,251,2012/03/28 20:12
Case 110,Round Grinding,Machine 3,2012/03/29 05:26:00.000,ID0420,252,2012/03/29 05:26
Case 110,Round Grinding,Machine 3,2012/03/29 06:50:00.000,ID4445,255,2012/03/29 06:50
Case 110,Round Grinding,Machine 3,2012/03/29 09:58:00.000,ID4872,256,2012/03/29 09:58
Case 110,Flat Grinding,Machine 11,2012/03/29 08:20:00.000,ID0998,257,2012/03/29 08:20
Case 110,Lapping,Machine 1,2012/03/29 09:36:00.000,ID0998,258,2012/03/29 09:36
Case 110,Round Grinding,Machine 3,2012/03/29 15:43:00.000,ID4445,260,2012/03/29 15:43
Case 110,Round Grinding,Machine 3,2012/03/29 17:53:00.000,ID4528,261,2012/03/29 17:53
Case 111,Turning & Milling,Machine 4,2012/03/22 17:50:00.000,ID4932,271,2012/03/22 17:50
Case 111,Turning & Milling,Machine 4,2012/03/23 07:00:00.000,ID4167,272,2012/03/23 07:00
Case 111,Turning & Milling,Machine 4,2012/03/23 12:41:00.000,ID4794,273,2012/03/23 12:41
Case 111,Turning & Milling,Machine 4,2012/03/24 15:52:00.000,ID4932,276,2012/03/24 15:52
Case 111,Turning & Milling,Machine 4,2012/03/25 06:45:00.000,ID4794,277,2012/03/25 06:45
Case 111,Turning & Milling,Machine 4,2012/03/25 15:32:00.000,ID4167,278,2012/03/25 15:32
Case 111,Turning & Milling,Machine 4,2012/03/26 06:43:00.000,ID4932,279,2012/03/26 06:43
Case 111,Laser Marking,Machine 7,2012/03/26 16:00:00.000,ID0998,281,2012/03/26 16:00
Case 111,Laser Marking,Machine 7,2012/03/26 17:43:00.000,ID4882,282,2012/03/26 17:43
Case 111,Turning & Milling,Machine 4,2012/03/27 07:52:00.000,ID4167,283,2012/03/27 07:52
Case 111,Turning & Milling,Machine 4,2012/03/28 06:56:00.000,ID4167,286,2012/03/28 06:56
Case 111,Laser Marking,Machine 7,2012/03/27 13:26:00.000,ID0998,287,2012/03/27 13:26
Case 112,Turning & Milling,Machine 9,2012/03/08 06:51:00.000,ID4641,288,2012/03/08 06:51
Case 112,Turning & Milling,Machine 9,2012/03/13 17:48:00.000,ID3846,289,2012/03/13 17:48
Case 112,Turning & Milling,Machine 9,2012/03/13 23:10:00.000,ID4132,290,2012/03/13 23:10
Case 112,Turning & Milling,Machine 9,2012/03/14 09:02:00.000,ID3846,292,2012/03/14 09:02
Case 112,Turning & Milling,Machine 9,2012/03/14 13:21:00.000,ID3846,293,2012/03/14 13:21
Case 112,Turning & Milling,Machine 9,2012/03/14 17:51:00.000,ID4132,294,2012/03/14 17:51
Case 112,Turning & Milling,Machine 9,2012/03/15 06:48:00.000,ID4794,295,2012/03/15 06:48
Case 112,Turning & Milling,Machine 9,2012/03/15 09:43:00.000,ID3846,296,2012/03/15 09:43
Case 112,Turning & Milling,Machine 9,2012/03/15 17:22:00.000,ID3846,297,2012/03/15 17:22
Case 112,Turning & Milling,Machine 9,2012/03/16 06:47:00.000,ID4794,298,2012/03/16 06:47
Case 112,Turning & Milling,Machine 9,2012/03/18 06:50:00.000,ID4641,299,2012/03/18 06:50
Case 112,Laser Marking,Machine 7,2012/03/18 14:55:00.000,ID4718,302,2012/03/18 14:55
Case 112,Lapping,Machine 1,2012/03/18 18:10:00.000,ID0998,303,2012/03/18 18:10
Case 112,Turning & Milling,Machine 10,2012/03/19 00:19:00.000,ID4641,304,2012/03/19 00:19
Case 112,Turning & Milling,Machine 10,2012/03/19 03:10:00.000,ID4641,305,2012/03/19 03:10
Case 112,Turning & Milling,Machine 10,2012/03/19 06:46:00.000,ID4529,306,2012/03/19 06:46
Case 112,Turning & Milling,Machine 10,2012/03/19 16:39:00.000,ID4718,307,2012/03/19 16:39
Case 112,Turning & Milling,Machine 10,2012/03/20 06:48:00.000,ID4641,308,2012/03/20 06:48
Case 112,Turning & Milling,Machine 10,2012/03/20 17:52:00.000,ID3846,309,2012/03/20 17:52
Case 112,Turning & Milling,Machine 10,2012/03/21 03:29:00.000,ID4641,312,2012/03/21 03:29
Case 112,Laser Marking,Machine 7,2012/03/21 12:32:00.000,ID4718,316,2012/03/21 12:32
Case 112,Turning & Milling,Machine 10,2012/03/21 17:43:00.000,ID4132,317,2012/03/21 17:43
Case 112,Turning & Milling,Machine 10,2012/03/22 05:32:00.000,ID4641,318,2012/03/22 05:32
Case 112,Lapping,Machine 1,2012/03/22 14:33:00.000,ID4718,321,2012/03/22 14:33
Case 113,Turning & Milling,Machine 5,2012/03/15 06:49:00.000,ID4932,325,2012/03/15 06:49
Case 113,Turning & Milling,Machine 5,2012/03/15 15:56:00.000,ID4529,326,2012/03/15 15:56
Case 113,Laser Marking,Machine 7,2012/03/16 11:39:00.000,ID0998,328,2012/03/16 11:39
Case 114,Turning & Milling,Machine 6,2012/02/29 06:53:00.000,ID4794,329,2012/02/29 06:53
Case 114,Turning & Milling,Machine 6,2012/02/29 08:01:00.000,ID4718,331,2012/02/29 08:01
Case 114,Turning & Milling,Machine 6,2012/03/01 03:48:00.000,ID4794,332,2012/03/01 03:48
Case 115,Turning & Milling,Machine 4,2012/03/05 16:01:00.000,ID4932,336,2012/03/05 16:01
Case 115,Turning & Milling,Machine 4,2012/03/06 06:29:00.000,ID4529,337,2012/03/06 06:29
Case 115,Turning & Milling,Machine 4,2012/03/06 08:35:00.000,ID4932,338,2012/03/06 08:35
Case 115,Turning & Milling,Machine 4,2012/03/06 09:48:00.000,ID4932,339,2012/03/06 09:48
Case 115,Turning & Milling,Machine 4,2012/03/06 13:48:00.000,ID4932,340,2012/03/06 13:48
Case 115,Flat Grinding,Machine 11,2012/03/08 15:52:00.000,ID4882,343,2012/03/08 15:52
Case 115,Flat Grinding,Machine 11,2012/03/09 01:15:00.000,ID4882,344,2012/03/09 01:15
Case 115,Flat Grinding,Machine 11,2012/03/09 10:17:00.000,ID4882,345,2012/03/09 10:17
Case 115,Lapping,Machine 1,2012/03/11 11:14:00.000,ID4882,347,2012/03/11 11:14
Case 115,Round Grinding,Machine 2,2012/03/11 22:49:00.000,ID4385,348,2012/03/11 22:49
Case 115,Round Grinding,Machine 2,2012/03/11 23:50:00.000,ID4385,349,2012/03/11 23:50
Case 115,Round Grinding,Machine 2,2012/03/12 07:00:00.000,ID0420,350,2012/03/12 07:00
Case 115,Round Grinding,Machine 2,2012/03/12 15:45:00.000,ID4355,352,2012/03/12 15:45
Case 115,Round Grinding,Machine 2,2012/03/12 17:05:00.000,ID4385,353,2012/03/12 17:05
Case 115,Round Grinding,Machine 2,2012/03/12 18:16:00.000,ID4385,354,2012/03/12 18:16
Case 115,Laser Marking,Machine 7,2012/03/21 14:24:00.000,ID4718,356,2012/03/21 14:24
Case 118,Turning & Milling,Machine 6,2012/03/25 01:15:00.000,ID4429,374,2012/03/25 01:15
Case 118,Turning & Milling,Machine 6,2012/03/28 22:11:00.000,ID4794,375,2012/03/28 22:11
Case 118,Turning & Milling,Machine 6,2012/03/29 01:29:00.000,ID4794,376,2012/03/29 01:29
Case 119,Turning & Milling,Machine 10,2012/03/20 15:57:00.000,ID4132,378,2012/03/20 15:57
Case 119,Turning & Milling,Machine 10,2012/03/21 15:30:00.000,ID4132,379,2012/03/21 15:30
Case 119,Turning & Milling,Machine 10,2012/03/22 17:48:00.000,ID4132,380,2012/03/22 17:48
Case 119,Turning & Milling,Machine 10,2012/03/23 06:51:00.000,ID4641,381,2012/03/23 06:51
Case 119,Turning & Milling,Machine 10,2012/03/25 17:45:00.000,ID4132,382,2012/03/25 17:45
Case 119,Turning & Milling,Machine 10,2012/03/26 18:00:00.000,ID4132,383,2012/03/26 18:00
Case 119,Turning & Milling,Machine 10,2012/03/27 17:47:00.000,ID4132,384,2012/03/27 17:47
Case 119,Turning & Milling,Machine 10,2012/03/28 04:21:00.000,ID4794,385,2012/03/28 04:21
Case 119,Turning & Milling,Machine 10,2012/03/28 17:37:00.000,ID4132,386,2012/03/28 17:37
Case 119,Turning & Milling,Machine 10,2012/03/29 06:42:00.000,ID4794,387,2012/03/29 06:42
Case 119,Turning & Milling,Machine 10,2012/03/29 17:18:00.000,ID4132,388,2012/03/29 17:18
Case 12,Turning & Milling,Machine 9,2012/02/05 01:15:00.000,ID0937,400,2012/02/05 01:15
Case 12,Lapping,Machine 1,2012/02/05 16:00:00.000,ID0998,401,2012/02/05 16:00
Case 12,Flat Grinding,Machine 11,2012/02/06 01:15:00.000,ID4882,402,2012/02/06 01:15
Case 12,Flat Grinding,Machine 11,2012/02/06 12:40:00.000,ID4882,403,2012/02/06 12:40
Case 12,Laser Marking,Machine 7,2012/02/06 13:47:00.000,ID0998,404,2012/02/06 13:47
Case 12,Flat Grinding,Machine 11,2012/02/07 01:15:00.000,ID4882,405,2012/02/07 01:15
Case 12,Flat Grinding,Machine 11,2012/02/07 01:15:00.000,ID4882,406,2012/02/07 01:15
Case 12,Laser Marking,Machine 7,2012/02/07 16:38:00.000,ID0998,408,2012/02/07 16:38
Case 12,Flat Grinding,Machine 11,2012/02/07 13:52:00.000,ID4882,409,2012/02/07 13:52
Case 12,Flat Grinding,Machine 11,2012/02/07 15:43:00.000,ID4882,410,2012/02/07 15:43
Case 120,Turning & Milling,Machine 5,2012/02/26 16:08:00.000,ID4529,415,2012/02/26 16:08
Case 120,Turning & Milling,Machine 5,2012/02/26 23:26:00.000,ID4429,416,2012/02/26 23:26
Case 120,Turning & Milling,Machine 5,2012/02/27 06:55:00.000,ID4794,417,2012/02/27 06:55
Case 120,Laser Marking,Machine 7,2012/03/08 14:41:00.000,ID0998,419,2012/03/08 14:41
Case 120,Lapping,Machine 1,2012/03/13 17:11:00.000,ID0998,420,2012/03/13 17:11
Case 120,Round Grinding,Machine 12,2012/03/14 10:26:00.000,ID4872,421,2012/03/14 10:26
Case 120,Round Grinding,Machine 12,2012/03/14 12:06:00.000,ID4872,422,2012/03/14 12:06
Case 120,Round Grinding,Machine 3,2012/03/14 15:53:00.000,ID4355,423,2012/03/14 15:53
Case 120,Round Grinding,Machine 3,2012/03/14 16:02:00.000,ID4355,424,2012/03/14 16:02
Case 120,Round Grinding,Machine 3,2012/03/14 19:16:00.000,ID4385,425,2012/03/14 19:16
Case 121,Turning & Milling,Machine 5,2012/03/05 23:59:00.000,ID4529,427,2012/03/05 23:59
Case 121,Turning & Milling,Machine 5,2012/03/06 03:00:00.000,ID4529,428,2012/03/06 03:00
Case 121,Turning & Milling,Machine 5,2012/03/06 10:23:00.000,ID4429,430,2012/03/06 10:23
Case 121,Turning & Milling,Machine 4,2012/03/14 15:11:00.000,ID4529,432,2012/03/14 15:11
Case 121,Turning & Milling,Machine 4,2012/03/14 12:34:00.000,ID0997,433,2012/03/14 12:34
Case 121,Turning & Milling,Machine 4,2012/03/14 21:55:00.000,ID4932,434,2012/03/14 21:55
Case 121,Turning & Milling,Machine 4,2012/03/14 23:32:00.000,ID4932,435,2012/03/14 23:32
Case 121,Laser Marking,Machine 7,2012/03/16 11:39:00.000,ID0998,437,2012/03/16 11:39
Case 121,Flat Grinding,Machine 11,2012/03/18 09:52:00.000,ID0998,439,2012/03/18 09:52
Case 121,Lapping,Machine 1,2012/03/18 11:43:00.000,ID0998,440,2012/03/18 11:43
Case 121,Round Grinding,Machine 3,2012/03/19 10:00:00.000,ID4385,441,2012/03/19 10:00
Case 121,Round Grinding,Machine 3,2012/03/19 13:19:00.000,ID4385,442,2012/03/19 13:19
Case 121,Lapping,Machine 1,2012/03/27 13:26:00.000,ID0998,444,2012/03/27 13:26
Case 121,Round Grinding,Machine 3,2012/03/28 06:40:00.000,ID0420,445,2012/03/28 06:40
Case 121,Round Grinding,Machine 3,2012/03/28 13:03:00.000,ID4445,446,2012/03/28 13:03
Case 122,Turning & Milling,Machine 5,2012/03/04 12:57:00.000,ID4429,447,2012/03/04 12:57
Case 122,Turning & Milling,Machine 5,2012/03/04 17:59:00.000,ID4429,448,2012/03/04 17:59
Case 122,Turning & Milling,Machine 5,2012/03/05 12:14:00.000,ID4429,449,2012/03/05 12:14
Case 122,Turning & Milling,Machine 5,2012/03/05 15:56:00.000,ID4429,450,2012/03/05 15:56
Case 122,Laser Marking,Machine 7,2012/03/07 10:23:00.000,ID0998,453,2012/03/07 10:23
Case 122,Flat Grinding,Machine 11,2012/03/07 12:14:00.000,ID4882,455,2012/03/07 12:14
Case 122,Lapping,Machine 1,2012/03/07 16:12:00.000,ID0998,456,2012/03/07 16:12
Case 122,Round Grinding,Machine 2,2012/03/07 22:36:00.000,ID4445,457,2012/03/07 22:36
Case 122,Round Grinding,Machine 2,2012/03/08 02:21:00.000,ID4445,458,2012/03/08 02:21
Case 122,Lapping,Machine 1,2012/03/21 01:15:00.000,ID4882,461,2012/03/21 01:15
Case 122,Lapping,Machine 1,2012/03/21 10:10:00.000,ID0998,462,2012/03/21 10:10
Case 122,Round Grinding,Machine 2,2012/03/21 15:46:00.000,ID4385,463,2012/03/21 15:46
Case 122,Round Grinding,Machine 2,2012/03/21 17:55:00.000,ID4355,464,2012/03/21 17:55
Case 122,Round Grinding,Machine 2,2012/03/21 21:55:00.000,ID4355,465,2012/03/21 21:55
Case 122,Laser Marking,Machine 7,2012/03/25 10:10:00.000,ID0998,468,2012/03/25 10:10
Case 123,Turning & Milling,Machine 4,2012/03/14 01:15:00.000,ID4429,473,2012/03/14 01:15
Case 123,Turning & Milling,Machine 4,2012/03/15 02:00:00.000,ID4932,474,2012/03/15 02:00
Case 123,Turning & Milling,Machine 4,2012/03/15 06:30:00.000,ID4932,475,2012/03/15 06:30
Case 123,Turning & Milling,Machine 4,2012/03/15 08:51:00.000,ID4167,476,2012/03/15 08:51
Case 123,Turning & Milling,Machine 4,2012/03/15 17:56:00.000,ID4167,477,2012/03/15 17:56
Case 123,Turning & Milling,Machine 4,2012/03/16 01:27:00.000,ID4932,478,2012/03/16 01:27
Case 123,Turning & Milling,Machine 4,2012/03/16 03:30:00.000,ID4932,479,2012/03/16 03:30
Case 123,Turning & Milling,Machine 4,2012/03/16 04:47:00.000,ID4932,480,2012/03/16 04:47
Case 123,Turning & Milling,Machine 4,2012/03/16 07:12:00.000,ID4167,481,2012/03/16 07:12
Case 123,Turning & Milling,Machine 4,2012/03/16 12:48:00.000,ID4167,482,2012/03/16 12:48
Case 123,Turning & Milling,Machine 4,2012/03/18 11:30:00.000,ID4932,484,2012/03/18 11:30
Case 123,Turning & Milling,Machine 4,2012/03/18 00:57:00.000,ID4641,485,2012/03/18 00:57
Case 123,Turning & Milling,Machine 4,2012/03/18 02:26:00.000,ID4641,486,2012/03/18 02:26
Case 123,Turning & Milling,Machine 4,2012/03/18 07:13:00.000,ID4932,487,2012/03/18 07:13
Case 123,Turning & Milling,Machine 4,2012/03/18 09:20:00.000,ID4932,489,2012/03/18 09:20
Case 123,Turning & Milling,Machine 4,2012/03/18 09:21:00.000,ID4932,490,2012/03/18 09:21
Case 123,Laser Marking,Machine 7,2012/03/18 15:53:00.000,ID4718,491,2012/03/18 15:53
Case 124,Turning & Milling,Machine 4,2012/03/20 14:34:00.000,ID4932,492,2012/03/20 14:34
Case 124,Turning & Milling,Machine 4,2012/03/20 15:58:00.000,ID4932,493,2012/03/20 15:58
Case 124,Turning & Milling,Machine 4,2012/03/20 17:54:00.000,ID4429,494,2012/03/20 17:54
Case 124,Turning & Milling,Machine 4,2012/03/20 22:36:00.000,ID4167,495,2012/03/20 22:36
Case 124,Laser Marking,Machine 7,2012/03/21 16:20:00.000,ID0998,497,2012/03/21 16:20
Case 124,Lapping,Machine 1,2012/03/22 07:46:00.000,ID4718,498,2012/03/22 07:46
Case 125,Turning & Milling,Machine 6,2012/03/29 06:42:00.000,ID4794,502,2012/03/29 06:42
Case 125,Turning & Milling,Machine 6,2012/03/29 13:22:00.000,ID4167,503,2012/03/29 13:22
Case 125,Turning & Milling,Machine 6,2012/03/29 15:58:00.000,ID4167,505,2012/03/29 15:58
Case 125,Turning & Milling,Machine 6,2012/03/29 17:29:00.000,ID4429,506,2012/03/29 17:29
Case 126,Turning & Milling,Machine 4,2012/03/21 01:15:00.000,ID4429,507,2012/03/21 01:15
Case 126,Turning & Milling,Machine 4,2012/03/22 06:51:00.000,ID4167,508,2012/03/22 06:51
Case 126,Turning & Milling,Machine 4,2012/03/22 07:57:00.000,ID4932,509,2012/03/22 07:57
Case 126,Turning & Milling,Machine 4,2012/03/22 11:14:00.000,ID4932,511,2012/03/22 11:14
Case 126,Laser Marking,Machine 7,2012/03/25 15:41:00.000,ID0998,513,2012/03/25 15:41
Case 126,Lapping,Machine 1,2012/03/26 01:15:00.000,ID4882,514,2012/03/26 01:15
Case 126,Lapping,Machine 1,2012/03/26 09:14:00.000,ID0998,515,2012/03/26 09:14
Case 126,Lapping,Machine 1,2012/03/26 09:52:00.000,ID4882,516,2012/03/26 09:52
Case 126,Round Grinding,Machine 12,2012/03/26 23:45:00.000,ID4528,517,2012/03/26 23:45
Case 126,Round Grinding,Machine 12,2012/03/27 07:48:00.000,ID4872,518,2012/03/27 07:48
Case 126,Round Grinding,Machine 12,2012/03/27 10:24:00.000,ID4872,519,2012/03/27 10:24
Case 127,Turning & Milling,Machine 6,2012/03/04 15:14:00.000,ID4794,522,2012/03/04 15:14
Case 127,Turning & Milling,Machine 6,2012/03/04 15:59:00.000,ID4794,523,2012/03/04 15:59
Case 127,Turning & Milling,Machine 6,2012/03/04 20:08:00.000,ID4167,524,2012/03/04 20:08
Case 127,Turning & Milling,Machine 6,2012/03/05 06:43:00.000,ID4529,525,2012/03/05 06:43
Case 127,Turning & Milling,Machine 6,2012/03/05 16:01:00.000,ID4794,527,2012/03/05 16:01
Case 127,Turning & Milling,Machine 6,2012/03/06 00:12:00.000,ID4529,528,2012/03/06 00:12
Case 127,Turning & Milling,Machine 6,2012/03/05 22:54:00.000,ID4529,529,2012/03/05 22:54
Case 127,Lapping,Machine 1,2012/03/06 01:15:00.000,ID4882,530,2012/03/06 01:15
Case 127,Turning & Milling,Machine 6,2012/03/06 06:25:00.000,ID0997,531,2012/03/06 06:25
Case 127,Turning & Milling,Machine 6,2012/03/06 10:29:00.000,ID4794,533,2012/03/06 10:29
Case 127,Turning & Milling,Machine 6,2012/03/06 15:53:00.000,ID4794,534,2012/03/06 15:53
Case 127,Lapping,Machine 1,2012/03/06 15:12:00.000,ID0998,536,2012/03/06 15:12
Case 127,Turning & Milling,Machine 6,2012/03/07 06:50:00.000,ID0997,537,2012/03/07 06:50
Case 127,Laser Marking,Machine 7,2012/03/07 01:43:00.000,ID4445,538,2012/03/07 01:43
Case 127,Turning & Milling,Machine 6,2012/03/07 15:42:00.000,ID4794,540,2012/03/07 15:42
Case 127,Lapping,Machine 1,2012/03/08 15:55:00.000,ID0998,545,2012/03/08 15:55
Case 127,Laser Marking,Machine 7,2012/03/08 22:09:00.000,ID4445,546,2012/03/08 22:09
Case 127,Lapping,Machine 1,2012/03/12 12:20:00.000,ID0998,552,2012/03/12 12:20
Case 127,Laser Marking,Machine 7,2012/03/12 12:21:00.000,ID0998,553,2012/03/12 12:21
Case 127,Laser Marking,Machine 7,2012/03/13 15:15:00.000,ID4355,555,2012/03/13 15:15
Case 127,Lapping,Machine 1,2012/03/15 01:15:00.000,ID4882,556,2012/03/15 01:15
Case 127,Lapping,Machine 1,2012/03/15 13:59:00.000,ID4882,557,2012/03/15 13:59
Case 129,Turning & Milling,Machine 8,2012/03/06 18:21:00.000,ID4219,562,2012/03/06 18:21
Case 129,Turning & Milling,Machine 8,2012/03/07 18:59:00.000,ID4219,564,2012/03/07 18:59
Case 129,Turning & Milling,Machine 8,2012/03/07 22:06:00.000,ID0997,565,2012/03/07 22:06
Case 129,Lapping,Machine 1,2012/03/09 11:59:00.000,ID0998,567,2012/03/09 11:59
Case 129,Laser Marking,Machine 7,2012/03/20 09:11:00.000,ID0998,571,2012/03/20 09:11
Case 13,Laser Marking,Machine 7,2012/01/18 08:25:00.000,ID4872,577,2012/01/18 08:25
Case 130,Turning & Milling,Machine 6,2012/03/08 01:08:00.000,ID4529,579,2012/03/08 01:08
Case 133,Turning & Milling,Machine 4,2012/03/28 01:15:00.000,ID4429,580,2012/03/28 01:15
Case 133,Turning & Milling,Machine 4,2012/03/29 04:43:00.000,ID4932,581,2012/03/29 04:43
Case 133,Turning & Milling,Machine 4,2012/03/29 06:40:00.000,ID4932,582,2012/03/29 06:40
Case 133,Turning & Milling,Machine 4,2012/03/29 16:03:00.000,ID4167,583,2012/03/29 16:03
Case 134,Turning & Milling,Machine 4,2012/03/29 19:49:00.000,ID4932,584,2012/03/29 19:49
Case 134,Turning & Milling,Machine 4,2012/03/30 00:00:00.000,ID4932,585,2012/03/30 00:00
Case 134,Turning & Milling,Machine 4,2012/03/30 11:25:00.000,ID4167,586,2012/03/30 11:25
Case 134,Turning & Milling,Machine 4,2012/03/31 05:45:00.000,ID4932,587,2012/03/31 05:45
Case 135,Turning & Milling,Machine 5,2012/03/22 06:30:00.000,ID4529,588,2012/03/22 06:30
Case 135,Turning & Milling,Machine 5,2012/03/22 12:17:00.000,ID4429,589,2012/03/22 12:17
Case 135,Turning & Milling,Machine 5,2012/03/22 09:59:00.000,ID4718,590,2012/03/22 09:59
Case 135,Turning & Milling,Machine 5,2012/03/23 01:23:00.000,ID4529,591,2012/03/23 01:23
Case 135,Turning & Milling,Machine 5,2012/03/23 02:57:00.000,ID4529,592,2012/03/23 02:57
Case 135,Turning & Milling,Machine 5,2012/03/23 06:31:00.000,ID4529,593,2012/03/23 06:31
Case 135,Turning & Milling,Machine 5,2012/03/23 12:29:00.000,ID4429,594,2012/03/23 12:29
Case 135,Turning & Milling,Machine 5,2012/03/24 15:49:00.000,ID4932,595,2012/03/24 15:49
Case 135,Turning & Milling,Machine 5,2012/03/24 22:49:00.000,ID4794,596,2012/03/24 22:49
Case 135,Turning & Milling,Machine 5,2012/03/25 06:45:00.000,ID4794,597,2012/03/25 06:45
Case 135,Turning & Milling,Machine 5,2012/03/25 10:39:00.000,ID4529,598,2012/03/25 10:39
Case 135,Turning & Milling,Machine 5,2012/03/25 12:27:00.000,ID4529,599,2012/03/25 12:27
Case 135,Turning & Milling,Machine 5,2012/03/25 23:36:00.000,ID4429,600,2012/03/25 23:36
Case 135,Turning & Milling,Machine 5,2012/03/26 06:38:00.000,ID4794,601,2012/03/26 06:38
Case 135,Turning & Milling,Machine 5,2012/03/26 09:11:00.000,ID4529,602,2012/03/26 09:11
Case 135,Turning & Milling,Machine 5,2012/03/26 15:41:00.000,ID4529,604,2012/03/26 15:41
Case 135,Turning & Milling,Machine 5,2012/03/26 23:37:00.000,ID4429,605,2012/03/26 23:37
Case 135,Turning & Milling,Machine 5,2012/03/27 06:33:00.000,ID4794,606,2012/03/27 06:33
Case 135,Turning & Milling,Machine 5,2012/03/27 15:00:00.000,ID4167,607,2012/03/27 15:00
Case 135,Turning & Milling,Machine 5,2012/03/27 16:00:00.000,ID4167,609,2012/03/27 16:00
Case 135,Turning & Milling,Machine 5,2012/03/27 18:08:00.000,ID4429,610,2012/03/27 18:08
Case 135,Turning & Milling,Machine 5,2012/03/27 23:33:00.000,ID4932,611,2012/03/27 23:33
Case 135,Turning & Milling,Machine 5,2012/03/28 01:16:00.000,ID4932,612,2012/03/28 01:16
Case 135,Turning & Milling,Machine 5,2012/03/28 06:40:00.000,ID4932,613,2012/03/28 06:40
Case 135,Turning & Milling,Machine 5,2012/03/28 16:09:00.000,ID4167,614,2012/03/28 16:09
Case 135,Turning & Milling,Machine 5,2012/03/28 23:40:00.000,ID4429,616,2012/03/28 23:40
Case 135,Turning & Milling,Machine 5,2012/03/29 06:41:00.000,ID4932,617,2012/03/29 06:41
Case 135,Turning & Milling,Machine 5,2012/03/29 16:04:00.000,ID4167,618,2012/03/29 16:04
Case 135,Turning & Milling,Machine 5,2012/03/29 23:28:00.000,ID4429,620,2012/03/29 23:28
Case 135,Turning & Milling,Machine 5,2012/03/30 05:45:00.000,ID4932,621,2012/03/30 05:45
Case 135,Turning & Milling,Machine 5,2012/03/30 11:27:00.000,ID4167,622,2012/03/30 11:27
Case 136,Turning & Milling,Machine 6,2012/03/29 23:34:00.000,ID4794,624,2012/03/29 23:34
Case 136,Turning & Milling,Machine 6,2012/03/30 05:55:00.000,ID4794,625,2012/03/30 05:55
Case 137,Turning & Milling,Machine 4,2012/03/27 23:38:00.000,ID4429,627,2012/03/27 23:38
Case 137,Turning & Milling,Machine 4,2012/03/28 04:11:00.000,ID4932,628,2012/03/28 04:11
Case 137,Turning & Milling,Machine 4,2012/03/28 16:09:00.000,ID4167,629,2012/03/28 16:09
Case 138,Turning & Milling,Machine 4,2012/03/26 18:01:00.000,ID4167,631,2012/03/26 18:01
Case 138,Turning & Milling,Machine 4,2012/03/27 00:44:00.000,ID4932,632,2012/03/27 00:44
Case 138,Turning & Milling,Machine 4,2012/03/27 06:34:00.000,ID4932,633,2012/03/27 06:34
Case 138,Turning & Milling,Machine 4,2012/03/27 16:04:00.000,ID4167,634,2012/03/27 16:04
Case 138,Turning & Milling,Machine 5,2012/03/27 18:09:00.000,ID4429,635,2012/03/27 18:09
Case 138,Laser Marking,Machine 7,2012/03/28 14:43:00.000,ID4882,639,2012/03/28 14:43
Case 140,Turning & Milling,Machine 5,2012/03/19 17:59:00.000,ID4429,641,2012/03/19 17:59
Case 140,Turning & Milling,Machine 5,2012/03/19 21:35:00.000,ID4167,642,2012/03/19 21:35
Case 140,Laser Marking,Machine 7,2012/03/20 14:52:00.000,ID4882,644,2012/03/20 14:52
Case 140,Lapping,Machine 1,2012/03/27 10:22:00.000,ID0998,645,2012/03/27 10:22
Case 140,Round Grinding,Machine 2,2012/03/27 16:14:00.000,ID4355,646,2012/03/27 16:14
Case 140,Round Grinding,Machine 2,2012/03/27 17:06:00.000,ID4355,647,2012/03/27 17:06
Case 140,Round Grinding,Machine 2,2012/03/27 17:43:00.000,ID4355,648,2012/03/27 17:43
Case 140,Round Grinding,Machine 2,2012/03/30 00:26:00.000,ID4385,650,2012/03/30 00:26
Case 141,Turning & Milling,Machine 4,2012/03/26 01:15:00.000,ID4429,653,2012/03/26 01:15
Case 145,Flat Grinding,Machine 11,2012/02/20 17:39:00.000,ID0998,663,2012/02/20 17:39
Case 145,Lapping,Machine 1,2012/03/01 14:43:00.000,ID0998,664,2012/03/01 14:43
Case 145,Wire Cut,Machine 13,2012/03/07 13:00:00.000,ID3767,666,2012/03/07 13:00
Case 145,Wire Cut,Machine 18,2012/03/07 15:00:00.000,ID3767,667,2012/03/07 15:00
Case 145,Wire Cut,Machine 18,2012/03/08 04:30:00.000,ID4861,668,2012/03/08 04:30
Case 145,Lapping,Machine 1,2012/03/09 13:35:00.000,ID0998,670,2012/03/09 13:35
Case 145,Laser Marking,Machine 7,2012/03/09 12:54:00.000,ID0998,671,2012/03/09 12:54
Case 150,Flat Grinding,Machine 11,2012/02/02 01:15:00.000,ID4618,691,2012/02/02 01:15
Case 150,Laser Marking,Machine 7,2012/02/02 01:15:00.000,ID4618,692,2012/02/02 01:15
Case 150,Round Grinding,Machine 3,2012/02/02 01:15:00.000,ID4618,693,2012/02/02 01:15
Case 154,Flat Grinding,Machine 26,2012/01/06 11:30:00.000,ID3716,701,2012/01/06 11:30
Case 155,Turning & Milling,Machine 8,2012/01/06 12:38:00.000,ID0997,705,2012/01/06 12:38
Case 155,Turning & Milling,Machine 8,2012/01/06 13:53:00.000,ID0997,706,2012/01/06 13:53
Case 155,Turning & Milling,Machine 8,2012/01/08 15:39:00.000,ID0997,707,2012/01/08 15:39
Case 155,Laser Marking,Machine 7,2012/01/10 08:12:00.000,ID4882,710,2012/01/10 08:12
Case 155,Laser Marking,Machine 7,2012/01/10 09:10:00.000,ID0998,711,2012/01/10 09:10
Case 155,Lapping,Machine 1,2012/01/10 10:33:00.000,ID4882,712,2012/01/10 10:33
Case 156,Turning & Milling,Machine 9,2012/02/20 23:50:00.000,ID4641,716,2012/02/20 23:50
Case 156,Turning & Milling,Machine 9,2012/02/21 06:50:00.000,ID4641,717,2012/02/21 06:50
Case 156,Turning & Milling,Machine 9,2012/02/22 03:56:00.000,ID4641,718,2012/02/22 03:56
Case 156,Turning & Milling,Machine 9,2012/02/22 06:34:00.000,ID4641,719,2012/02/22 06:34
Case 156,Turning & Milling,Machine 9,2012/02/23 06:41:00.000,ID4641,720,2012/02/23 06:41
Case 156,Laser Marking,Machine 7,2012/02/29 15:42:00.000,ID4445,724,2012/02/29 15:42
Case 156,Lapping,Machine 1,2012/03/01 02:34:00.000,ID0420,725,2012/03/01 02:34
Case 156,Turning & Milling,Machine 10,2012/03/06 16:30:00.000,ID4618,728,2012/03/06 16:30
Case 157,Lapping,Machine 1,2012/02/21 01:15:00.000,ID0937,730,2012/02/21 01:15
Case 17,Laser Marking,Machine 7,2012/02/29 15:02:00.000,ID4445,759,2012/02/29 15:02
Case 174,Turning & Milling,Machine 6,2012/03/19 02:14:00.000,ID4529,784,2012/03/19 02:14
Case 174,Turning & Milling,Machine 6,2012/03/19 12:12:00.000,ID4794,785,2012/03/19 12:12
Case 174,Turning & Milling,Machine 6,2012/03/19 16:01:00.000,ID4794,787,2012/03/19 16:01
Case 174,Turning & Milling,Machine 6,2012/03/19 17:49:00.000,ID4718,788,2012/03/19 17:49
Case 174,Turning & Milling,Machine 6,2012/03/19 23:28:00.000,ID0997,789,2012/03/19 23:28
Case 174,Turning & Milling,Machine 6,2012/03/20 06:40:00.000,ID4529,790,2012/03/20 06:40
Case 174,Turning & Milling,Machine 6,2012/03/20 13:29:00.000,ID4794,791,2012/03/20 13:29
Case 174,Laser Marking,Machine 7,2012/03/29 09:20:00.000,ID0998,794,2012/03/29 09:20
Case 174,Lapping,Machine 1,2012/03/29 10:48:00.000,ID0998,795,2012/03/29 10:48
Case 174,Lapping,Machine 1,2012/03/29 10:58:00.000,ID4872,796,2012/03/29 10:58
Case 174,Lapping,Machine 1,2012/03/29 12:51:00.000,ID0998,797,2012/03/29 12:51
Case 174,Round Grinding,Machine 12,2012/03/29 12:13:00.000,ID4872,798,2012/03/29 12:13
Case 174,Round Grinding,Machine 12,2012/03/29 14:35:00.000,ID4872,799,2012/03/29 14:35
Case 174,Round Grinding,Machine 12,2012/03/29 15:46:00.000,ID4872,800,2012/03/29 15:46
Case 174,Lapping,Machine 1,2012/03/29 21:36:00.000,ID4528,801,2012/03/29 21:36
Case 177,Lapping,Machine 1,2012/01/04 10:25:00.000,ID0998,806,2012/01/04 10:25
Case 177,Round Grinding,Machine 2,2012/01/08 15:08:00.000,ID4385,807,2012/01/08 15:08
Case 177,Round Grinding,Machine 2,2012/01/08 15:57:00.000,ID4385,808,2012/01/08 15:57
Case 177,Round Grinding,Machine 2,2012/01/08 22:13:00.000,ID4355,809,2012/01/08 22:13
Case 177,Lapping,Machine 1,2012/03/30 01:15:00.000,ID4163,817,2012/03/30 01:15
Case 178,Round Grinding,Machine 3,2012/01/02 04:50:00.000,ID4445,818,2012/01/02 04:50
Case 178,Round Grinding,Machine 2,2012/01/02 11:00:00.000,ID4355,819,2012/01/02 11:00
Case 178,Lapping,Machine 1,2012/01/15 15:12:00.000,ID4882,822,2012/01/15 15:12
Case 178,Lapping,Machine 1,2012/01/15 17:27:00.000,ID0998,823,2012/01/15 17:27
Case 178,Lapping,Machine 1,2012/03/14 01:15:00.000,ID0937,848,2012/03/14 01:15
Case 178,Laser Marking,Machine 7,2012/03/14 01:15:00.000,ID0937,849,2012/03/14 01:15
Case 178,Round Grinding,Machine 3,2012/03/14 01:15:00.000,ID0937,850,2012/03/14 01:15
Case 18,Turning & Milling,Machine 5,2012/01/18 05:31:00.000,ID4932,859,2012/01/18 05:31
Case 18,Turning & Milling,Machine 5,2012/01/18 06:39:00.000,ID4932,860,2012/01/18 06:39
Case 18,Turning & Milling,Machine 5,2012/01/18 08:44:00.000,ID4429,861,2012/01/18 08:44
Case 18,Turning & Milling,Machine 5,2012/01/18 20:12:00.000,ID4932,862,2012/01/18 20:12
Case 18,Turning & Milling,Machine 5,2012/01/19 06:46:00.000,ID4932,863,2012/01/19 06:46
Case 18,Turning & Milling,Machine 4,2012/01/19 05:33:00.000,ID4932,864,2012/01/19 05:33
Case 18,Turning & Milling,Machine 5,2012/01/19 08:27:00.000,ID4429,865,2012/01/19 08:27
Case 18,Turning & Milling,Machine 4,2012/01/19 17:29:00.000,ID4167,866,2012/01/19 17:29
Case 18,Turning & Milling,Machine 5,2012/01/19 17:57:00.000,ID4429,867,2012/01/19 17:57
Case 18,Turning & Milling,Machine 5,2012/01/20 06:54:00.000,ID4932,868,2012/01/20 06:54
Case 18,Turning & Milling,Machine 4,2012/01/19 19:59:00.000,ID4932,869,2012/01/19 19:59
Case 18,Turning & Milling,Machine 5,2012/01/20 06:54:00.000,ID4932,870,2012/01/20 06:54
Case 18,Turning & Milling,Machine 4,2012/01/20 14:52:00.000,ID4167,871,2012/01/20 14:52
Case 18,Turning & Milling,Machine 5,2012/01/21 23:54:00.000,ID4529,872,2012/01/21 23:54
Case 18,Turning & Milling,Machine 4,2012/01/21 20:55:00.000,ID4529,873,2012/01/21 20:55
