model,n_rows_in_file,processed_instances,total_expected,processed,correct,wrong,missing,pipeline_accuracy,correct_L1,correct_L2,correct_L3,assigned_filter,assigned_embedding,assigned_llm,unmatched,correct_filter,correct_embedding,correct_llm,total_avg_latency_sec,total_sum_latency_sec,total_sum_latency_sec_norm,total_avg_tokens,total_sum_tokens,total_sum_tokens_norm,ex_acc_activity,ex_acc_machine,ex_acc_time,ex_acc_worker,ex_all_correct,ex_all_correct_L1,ex_all_correct_L2,ex_all_correct_L3,ex_L1_activity,ex_L1_machine,ex_L1_time,ex_L1_worker,ex_L2_activity,ex_L2_machine,ex_L2_time,ex_L2_worker,ex_L3_activity,ex_L3_machine,ex_L3_time,ex_L3_worker,cls_entries,cls_accuracy_raw,cls_accuracy_norm,ex_sum_tokens,cls_sum_tokens,match_sum_tokens,ex_sum_tokens_norm,cls_sum_tokens_norm,match_sum_tokens_norm,ex_avg_tokens,cls_avg_tokens,match_avg_tokens,ex_sum_time_sec,cls_sum_time_sec,match_sum_time_sec,ex_sum_time_sec_norm,cls_sum_time_sec_norm,match_sum_time_sec_norm,ex_avg_time_sec,cls_avg_time_sec,match_avg_time_sec
Deep1,240,240,240,240,225,15,0,0.9375,79,75,71,199,29,2,10,199,24,2,11.714156982500024,2811.397675800006,2811.397675800006,1862.6875,447045.0,447045.0,0.9916666666666667,0.9875,0.875,0.9708333333333333,204,79,74,51,1.0,1.0,0.9875,1.0,1.0,1.0,0.925,1.0,0.975,0.9625,0.7125,0.9125,240.0,0.8291666666666667,0.8291666666666667,238190.0,206781.0,2074.0,238190.0,206781.0,2074.0,992.4583333333334,861.5875,8.641666666666667,1242.3176569000057,1312.882364400015,256.1976544999852,1242.3176569000057,1312.882364400015,256.1976544999852,5.17632357041669,5.470343185000062,1.0674902270832718
Deep2,240,240,240,240,225,15,0,0.9375,79,75,71,199,27,8,6,199,22,4,11.572731550833506,2777.4555722000414,2777.4555722000414,1881.0,451440.0,451440.0,0.9916666666666667,0.9958333333333333,0.8791666666666667,0.9708333333333333,205,79,74,52,1.0,1.0,0.9875,1.0,1.0,1.0,0.925,1.0,0.975,0.9875,0.725,0.9125,240.0,0.8291666666666667,0.8291666666666667,241574.0,202323.0,7543.0,241574.0,202323.0,7543.0,1006.5583333333333,843.0125,31.429166666666667,1277.4519702999978,1255.9810674000437,244.0225345,1277.4519702999978,1255.9810674000437,244.0225345,5.322716542916657,5.233254447500182,1.0167605604166667
Deep3,240,240,240,240,225,15,0,0.9375,80,75,70,197,29,6,8,197,25,3,11.890488032083324,2853.717127699998,2853.717127699998,1874.1625,449799.0,449799.0,0.9958333333333333,0.9833333333333333,0.875,0.9666666666666667,203,79,73,51,1.0,1.0,0.9875,1.0,1.0,0.9875,0.925,1.0,0.9875,0.9625,0.7125,0.9,240.0,0.8166666666666667,0.8166666666666667,235343.0,207795.0,6661.0,235343.0,207795.0,6661.0,980.5958333333333,865.8125,27.754166666666666,1201.9805344999995,1357.5972435999995,294.13934959999915,1201.9805344999995,1357.5972435999995,294.13934959999915,5.008252227083331,5.656655181666665,1.2255806233333297
Deep4,240,240,240,240,224,16,0,0.9333333333333333,79,75,70,200,27,4,9,200,22,2,11.561630892083375,2774.79141410001,2774.79141410001,1849.025,443766.0,443766.0,0.9916666666666667,0.9916666666666667,0.8791666666666667,0.9708333333333333,205,79,74,52,1.0,1.0,0.9875,1.0,1.0,1.0,0.925,1.0,0.975,0.975,0.725,0.9125,240.0,0.8125,0.8125,233826.0,206397.0,3543.0,233826.0,206397.0,3543.0,974.275,859.9875,14.7625,1183.781445900012,1339.8700330999977,251.1399351000008,1183.781445900012,1339.8700330999977,251.1399351000008,4.93242269125005,5.582791804583324,1.0464163962500033
Deep5,240,240,240,240,225,15,0,0.9375,79,76,70,200,28,3,9,200,23,2,11.433275398749993,2743.9860956999983,2743.9860956999983,1851.05,444252.0,444252.0,0.9958333333333333,0.9958333333333333,0.8833333333333333,0.9708333333333333,205,79,74,52,1.0,1.0,0.9875,1.0,1.0,1.0,0.925,1.0,0.9875,0.9875,0.7375,0.9125,240.0,0.8083333333333333,0.8083333333333333,236213.0,203236.0,4803.0,236213.0,203236.0,4803.0,984.2208333333333,846.8166666666667,20.0125,1212.0980926999964,1301.4109699000014,230.4770331000003,1212.0980926999964,1301.4109699000014,230.4770331000003,5.050408719583318,5.422545707916672,0.9603209712500013
Deep6,240,240,240,240,225,15,0,0.9375,79,75,71,196,31,8,5,196,25,4,12.163181777500052,2919.1636266000123,2919.1636266000123,1914.7708333333333,459545.0,459545.0,0.9958333333333333,0.9916666666666667,0.8791666666666667,0.9541666666666667,203,78,74,51,1.0,1.0,0.9875,0.9875,1.0,1.0,0.925,1.0,0.9875,0.975,0.725,0.875,240.0,0.825,0.825,239216.0,209016.0,11313.0,239216.0,209016.0,11313.0,996.7333333333333,870.9,47.1375,1248.1108780000031,1372.6118779000099,298.44087069999955,1248.1108780000031,1372.6118779000099,298.44087069999955,5.20046199166668,5.719216157916708,1.2435036279166647
Deep7,240,240,240,240,226,14,0,0.9416666666666667,79,75,72,200,27,6,7,200,23,3,11.626428642916688,2790.342874300005,2790.342874300005,1861.3083333333334,446714.0,446714.0,0.9916666666666667,0.9875,0.8875,0.9708333333333333,205,79,74,52,1.0,1.0,0.9875,1.0,1.0,1.0,0.925,1.0,0.975,0.9625,0.75,0.9125,240.0,0.825,0.825,237012.0,202315.0,7387.0,237012.0,202315.0,7387.0,987.55,842.9791666666666,30.779166666666665,1229.6360365000073,1307.8476191999953,252.85921860000212,1229.6360365000073,1307.8476191999953,252.85921860000212,5.123483485416697,5.44936507999998,1.0535800775000088
Deep8,240,240,240,240,226,14,0,0.9416666666666667,79,75,72,201,26,5,8,201,23,2,11.401254762083234,2736.301142899976,2736.301142899976,1848.375,443610.0,443610.0,0.99581589958159,0.9874476987447699,0.891213389121339,0.9623430962343096,205,79,73,53,1.0,1.0,0.9875,1.0,1.0,1.0,0.9367088607594937,0.9873417721518988,0.9875,0.9625,0.75,0.9,240.0,0.8,0.8,237157.0,200767.0,5686.0,237157.0,200767.0,5686.0,988.1541666666667,836.5291666666667,23.691666666666666,1223.7416578999873,1289.1654842999887,223.39400069999988,1223.7416578999873,1289.1654842999887,223.39400069999988,5.098923574583281,5.371522851249953,0.9308083362499995
GPT1,240,240,240,240,225,15,0,0.9375,79,75,71,195,34,5,6,195,29,1,20.591814406249977,4942.035457499995,4942.035457499995,1713.8291666666667,411319.0,411319.0,0.975,0.9958333333333333,0.8833333333333333,0.9791666666666666,202,78,70,54,0.9875,1.0,0.9875,1.0,0.95,1.0,0.925,1.0,0.9875,0.9875,0.7375,0.9375,240.0,0.8416666666666667,0.8416666666666667,255433.0,152306.0,3580.0,255432.99999999997,152306.0,3580.0,1064.3041666666666,634.6083333333333,14.916666666666666,3434.324884000001,1307.2798820000053,200.43069149998882,3434.324884000001,1307.2798820000053,200.43069149998882,14.30968701666667,5.446999508333355,0.8351278812499534
GPT2,240,240,240,240,226,14,0,0.9416666666666667,80,75,71,192,36,11,1,192,31,3,4.9682163925000715,1192.3719342000172,1192.3719342000172,1724.5041666666666,413881.0,413881.0,0.9666666666666667,0.9958333333333333,0.875,0.9666666666666667,199,76,71,52,0.9625,1.0,0.9875,1.0,0.9625,1.0,0.925,1.0,0.975,0.9875,0.7125,0.9,240.0,0.875,0.875,254626.0,151547.0,7708.0,254626.0,151547.0,7708.0,1060.9416666666666,631.4458333333333,32.11666666666667,713.6007237,290.52269650002563,188.2485139999917,713.6007237,290.52269650002563,188.2485139999917,2.97333634875,1.2105112354167735,0.7843688083332988
GPT3,240,240,240,240,226,14,0,0.9416666666666667,79,76,71,196,33,9,2,196,28,2,4.795569577083397,1150.9366985000152,1150.9366985000152,1717.7166666666667,412252.0,412252.0,0.9958333333333333,0.9958333333333333,0.875,0.9625,204,79,73,52,1.0,1.0,0.9875,1.0,0.9875,1.0,0.925,1.0,1.0,0.9875,0.7125,0.8875,240.0,0.8541666666666666,0.8541666666666666,252823.0,153247.0,6182.0,252822.99999999997,153247.0,6182.0,1053.4291666666666,638.5291666666667,25.758333333333333,696.7998441000009,294.7170360999953,159.41981830001896,696.7998441000009,294.7170360999953,159.41981830001896,2.9033326837500035,1.2279876504166471,0.6642492429167457
GPT4,240,240,240,240,225,15,0,0.9375,79,76,70,188,39,11,2,188,33,4,5.078523092500306,1218.8455422000734,1218.8455422000734,1723.1125,413547.0,413547.0,0.9583333333333334,1.0,0.875,0.9708333333333333,196,75,69,52,0.95,1.0,0.9875,1.0,0.9375,1.0,0.925,1.0,0.9875,1.0,0.7125,0.9125,240.0,0.8666666666666667,0.8666666666666667,252701.0,152865.0,7981.0,252701.0,152865.0,7981.000000000001,1052.9208333333333,636.9375,33.25416666666667,696.2286621999992,295.3610698999837,227.25581010009046,696.2286621999992,295.3610698999837,227.25581010009046,2.9009527591666635,1.2306711245832653,0.9468992087503769
GPT5,240,240,240,240,225,15,0,0.9375,79,76,70,190,37,9,4,190,31,4,4.946308194166766,1187.113966600024,1187.113966600024,1713.4291666666666,411223.0,411223.0,0.9625,0.9958333333333333,0.8791666666666667,0.9666666666666667,198,77,69,52,0.975,1.0,0.9875,1.0,0.9375,1.0,0.925,1.0,0.975,0.9875,0.725,0.9,240.0,0.8583333333333333,0.8583333333333333,253574.0,151937.0,5712.0,253574.0,151937.0,5712.0,1056.5583333333334,633.0708333333333,23.8,701.3735214000012,290.3034278000014,195.43701740002143,701.3735214000012,290.3034278000014,195.43701740002143,2.922389672500005,1.209597615833339,0.8143209058334226
GPT6,240,240,240,240,226,14,0,0.9416666666666667,80,75,71,195,34,7,4,195,29,2,4.896609124999364,1175.1861899998476,1175.1861899998476,1704.6958333333334,409127.0,409127.0,0.9833333333333333,0.9958333333333333,0.8791666666666667,0.975,202,77,72,53,0.9875,1.0,0.9875,0.9875,0.975,1.0,0.925,1.0,0.9875,0.9875,0.725,0.9375,240.0,0.8625,0.8625,251578.0,152475.0,5074.0,251577.99999999997,152475.0,5074.0,1048.2416666666666,635.3125,21.141666666666666,700.400659699917,293.93248209999,180.85304819994053,700.400659699917,293.93248209999,180.85304819994053,2.9183360820829876,1.224718675416625,0.7535543674997522
GPT7,240,240,240,240,226,14,0,0.9416666666666667,80,75,71,194,34,8,4,194,29,3,4.8662572787496705,1167.901746899921,1167.901746899921,1706.8291666666667,409639.0,409639.0,0.9708333333333333,0.9958333333333333,0.8708333333333333,0.975,201,77,70,54,0.975,1.0,0.9875,1.0,0.9375,1.0,0.9125,1.0,1.0,0.9875,0.7125,0.925,240.0,0.875,0.875,250676.0,152813.0,6150.0,250676.0,152813.0,6150.0,1044.4833333333333,636.7208333333333,25.625,683.7812455000076,295.0572167999999,189.06328459991346,683.7812455000076,295.0572167999999,189.06328459991346,2.849088522916698,1.2294050699999994,0.7877636858329727
GPT8,240,240,240,240,224,16,0,0.9333333333333333,78,75,71,190,39,7,4,190,33,1,4.907915085000445,1177.8996204001069,1177.8996204001069,1708.875,410130.0,410130.0,0.9708333333333333,0.9916666666666667,0.8708333333333333,0.9666666666666667,197,76,70,51,0.975,1.0,0.975,1.0,0.95,1.0,0.925,1.0,0.9875,0.975,0.7125,0.9,240.0,0.8708333333333333,0.8708333333333333,252891.0,152747.0,4492.0,252891.00000000003,152747.0,4492.0,1053.7125,636.4458333333333,18.716666666666665,697.0488775999966,299.84654260001116,181.00420020009915,697.0488775999966,299.84654260001116,181.00420020009915,2.904370323333319,1.2493605941667132,0.7541841675004132
Gemma1,240,240,240,240,225,15,0,0.9375,79,77,69,182,29,22,7,182,24,19,3.145465843749998,754.9118024999996,754.9118024999996,1166.125,279870.0,279870.0,0.9958333333333333,0.9833333333333333,0.8791666666666667,0.9,188,79,74,35,1.0,1.0,0.9875,1.0,1.0,1.0,0.925,1.0,0.9875,0.95,0.725,0.7,240.0,0.8791666666666667,0.8791666666666667,161886.0,105571.0,12413.0,161886.0,105571.0,12413.0,674.525,439.87916666666666,51.72083333333333,261.0947429999999,88.45959340000081,405.3574660999989,261.0947429999999,88.45959340000081,405.3574660999989,1.0878947624999995,0.36858163916667,1.6889894420833287
Gemma2,240,240,240,240,222,18,0,0.925,79,77,66,183,28,21,8,183,24,15,2.9370819720833046,704.8996732999931,704.8996732999931,1163.6875,279285.0,279285.0,0.9958333333333333,0.9833333333333333,0.875,0.9,189,79,74,36,1.0,1.0,0.9875,1.0,1.0,1.0,0.925,1.0,0.9875,0.95,0.7125,0.7,240.0,0.875,0.875,161885.0,105533.0,11867.0,161885.0,105533.0,11867.0,674.5208333333334,439.72083333333336,49.44583333333333,245.5927470000006,85.71063310001045,373.59629319998203,245.5927470000006,85.71063310001045,373.59629319998203,1.0233031125000025,0.3571276379167102,1.5566512216665918
Gemma3,240,240,240,240,226,14,0,0.9416666666666667,79,78,69,182,29,22,7,182,25,19,2.8794963295831546,691.0791190999571,691.0791190999571,1166.2166666666667,279892.0,279892.0,0.9958333333333333,0.9791666666666666,0.8791666666666667,0.9041666666666667,189,79,74,36,1.0,1.0,0.9875,1.0,1.0,1.0,0.925,1.0,0.9875,0.9375,0.725,0.7125,240.0,0.875,0.875,161883.0,105569.0,12440.0,161883.0,105569.0,12440.0,674.5125,439.87083333333334,51.833333333333336,240.80400439999357,83.2458330999998,367.0292815999637,240.80400439999357,83.2458330999998,367.0292815999637,1.0033500183333066,0.34685763791666585,1.529288673333182
Gemma4,240,240,240,240,225,15,0,0.9375,79,77,69,183,28,23,6,183,24,18,2.8754262195831948,690.1022926999667,690.1022926999667,1168.9333333333334,280544.0,280544.0,0.9958333333333333,0.9833333333333333,0.875,0.9,189,79,74,36,1.0,1.0,0.9875,1.0,1.0,1.0,0.925,1.0,0.9875,0.95,0.7125,0.7,240.0,0.875,0.875,161889.0,105607.0,13048.0,161889.0,105607.0,13048.0,674.5375,440.02916666666664,54.36666666666667,240.68238010001733,83.63721460001216,365.7826979999372,240.68238010001733,83.63721460001216,365.7826979999372,1.0028432504167388,0.34848839416671734,1.5240945749997385
Gemma5,240,240,240,240,224,16,0,0.9333333333333333,79,77,68,180,29,23,8,180,25,19,2.9681377799996653,712.3530671999197,712.3530671999197,1168.6666666666667,280480.0,280480.0,0.9958333333333333,0.9791666666666666,0.8791666666666667,0.8958333333333334,187,79,74,34,1.0,1.0,0.9875,1.0,1.0,1.0,0.925,1.0,0.9875,0.9375,0.725,0.6875,240.0,0.8791666666666667,0.8791666666666667,161894.0,105581.0,13005.0,161894.0,105581.0,13005.0,674.5583333333333,439.92083333333335,54.1875,240.73440680000022,83.39552649999314,388.2231338999263,240.73440680000022,83.39552649999314,388.2231338999263,1.0030600283333342,0.3474813604166381,1.6175963912496931
Gemma6,240,240,240,240,227,13,0,0.9458333333333333,79,78,70,185,30,20,5,185,25,17,2.721969588333013,653.2727011999232,653.2727011999232,1161.2833333333333,278708.0,278708.0,0.9958333333333333,0.9791666666666666,0.8791666666666667,0.9166666666666666,192,79,74,39,1.0,1.0,0.9875,1.0,1.0,1.0,0.925,1.0,0.9875,0.9375,0.725,0.75,240.0,0.875,0.875,161873.0,105568.0,11267.0,161873.0,105568.0,11267.0,674.4708333333333,439.8666666666667,46.94583333333333,240.53983799999332,83.32817870000508,329.40468449992477,240.53983799999332,83.32817870000508,329.40468449992477,1.0022493249999722,0.34720074458335454,1.3725195187496866
Gemma7,240,240,240,240,223,17,0,0.9291666666666667,79,77,67,181,31,22,6,181,25,17,2.910436155416513,698.5046772999631,698.5046772999631,1166.2125,279891.0,279891.0,0.9958333333333333,0.9833333333333333,0.875,0.8958333333333334,188,79,74,35,1.0,1.0,0.9875,1.0,1.0,1.0,0.925,1.0,0.9875,0.95,0.7125,0.6875,240.0,0.8791666666666667,0.8791666666666667,161890.0,105556.0,12445.0,161890.0,105556.0,12445.0,674.5416666666666,439.81666666666666,51.854166666666664,240.71775000001435,83.19684200000847,374.59008529994026,240.71775000001435,83.19684200000847,374.59008529994026,1.0029906250000598,0.34665350833336867,1.5607920220830844
Gemma8,240,240,240,240,226,14,0,0.9416666666666667,79,77,70,183,29,22,6,183,24,19,2.855351811249936,685.2844346999846,685.2844346999846,1166.0666666666666,279856.0,279856.0,0.9958333333333333,0.9833333333333333,0.8791666666666667,0.9041666666666667,189,79,74,36,1.0,1.0,0.9875,1.0,1.0,1.0,0.925,1.0,0.9875,0.95,0.725,0.7125,240.0,0.8791666666666667,0.8791666666666667,161884.0,105548.0,12424.0,161884.0,105548.0,12424.0,674.5166666666667,439.78333333333336,51.766666666666666,240.66757959998904,83.09930149999309,361.51755360000243,240.66757959998904,83.09930149999309,361.51755360000243,1.002781581666621,0.3462470895833045,1.50632314000001
LLama1b1,135,135,240,135,77,58,105,0.32083333333333336,44,31,2,75,10,39,11,74,3,0,5.509682831111166,743.8071822000074,1322.32387946668,1245.2592592592594,168110.0,298862.22222222225,0.7424242424242424,0.7803030303030303,0.6363636363636364,0.6363636363636364,57,41,15,1,0.84,0.96,0.94,0.96,0.7906976744186046,0.8837209302325582,0.627906976744186,0.6744186046511628,0.5641025641025641,0.4358974358974359,0.2564102564102564,0.1794871794871795,240.0,0.22916666666666666,0.22916666666666666,89129.0,59119.0,19862.0,158451.55555555553,105100.44444444444,35310.22222222222,660.2148148148148,437.9185185185185,147.1259259259259,42.765542100003586,16.997857300015305,684.0437827999885,76.02763040000637,30.218412977804988,1216.0778360888685,0.3167817933333599,0.12591005407418746,5.066990983703619
LLama1b2,138,138,240,138,79,59,102,0.32916666666666666,39,32,8,72,13,49,4,71,7,1,6.02039549057965,830.8145776999918,1444.8949177391162,1282.3115942028985,176959.0,307754.7826086956,0.6811594202898551,0.7391304347826086,0.5942028985507246,0.6014492753623188,44,29,11,4,0.7045454545454546,0.9318181818181818,0.9090909090909091,0.9545454545454546,0.7954545454545454,0.9090909090909091,0.5909090909090909,0.6363636363636364,0.56,0.42,0.32,0.26,240.0,0.20416666666666666,0.20416666666666666,92202.0,59781.0,24976.0,160351.3043478261,103966.95652173914,43436.52173913043,668.1304347826087,433.19565217391306,180.9855072463768,45.45966699998098,15.285750799990632,770.0691599000202,79.06029043474953,26.583914434766317,1339.2507128696004,0.3294178768114564,0.11076631014485966,5.580211303623335
LLama1b3,145,145,240,145,87,58,95,0.3625,41,39,7,78,12,46,9,77,8,2,5.683974297241391,824.1762731000017,1364.1538313379338,1259.0206896551724,182558.0,302164.9655172414,0.7412587412587412,0.7622377622377622,0.6643356643356644,0.5944055944055944,57,35,19,3,0.8043478260869565,0.9347826086956522,0.9565217391304348,0.9782608695652174,0.7551020408163265,0.7959183673469388,0.7142857142857143,0.6122448979591837,0.6666666666666666,0.5625,0.3333333333333333,0.20833333333333334,240.0,0.22083333333333333,0.22083333333333333,96334.0,62731.0,23493.0,159449.3793103448,103830.62068965516,38884.96551724138,664.3724137931034,432.6275862068965,162.02068965517242,46.7589188999882,16.433221200004475,760.984133000009,77.39407266204944,27.19981440000741,1259.559944275877,0.3224753027585393,0.11333256000003086,5.248166434482821
LLama1b4,142,142,240,142,83,59,98,0.3458333333333333,37,38,8,72,13,46,11,72,9,2,6.05525731478891,859.8465387000251,1453.2617555493384,1262.6971830985915,179303.0,303047.32394366193,0.7,0.7642857142857142,0.6071428571428571,0.5571428571428572,47,32,13,2,0.7333333333333333,0.9555555555555556,0.9555555555555556,0.9777777777777777,0.7916666666666666,0.9166666666666666,0.5833333333333334,0.5625,0.574468085106383,0.425531914893617,0.2978723404255319,0.14893617021276595,240.0,0.22916666666666666,0.22916666666666666,94922.0,60868.0,23513.0,160431.54929577466,102875.49295774648,39740.28169014085,668.4647887323944,428.6478873239437,165.58450704225353,47.643428800005495,14.617882700003967,797.5852272000157,80.5241050140938,24.706280619725014,1348.0313699155192,0.3355171042253908,0.10294283591552089,5.616797374647997
LLama1b5,126,126,240,126,73,53,114,0.30416666666666664,39,29,5,69,11,34,12,68,3,2,5.634470239682929,709.9432502000491,1352.272857523903,1241.7460317460318,156460.0,298019.04761904763,0.728,0.744,0.64,0.608,50,33,14,3,0.8095238095238095,0.9047619047619048,0.9523809523809523,0.9523809523809523,0.7619047619047619,0.8571428571428571,0.6428571428571429,0.6904761904761905,0.6097560975609756,0.4634146341463415,0.3170731707317073,0.17073170731707318,240.0,0.22083333333333333,0.22083333333333333,84350.0,54705.0,17405.0,160666.66666666666,104200.0,33152.380952380954,669.4444444444445,434.1666666666667,138.13492063492063,42.267367399981595,14.132200600008215,653.5436822000593,80.50927123806018,26.91847733334898,1244.845108952494,0.33545529682525077,0.11216032222228742,5.186854620635391
LLama1b6,145,145,240,145,86,59,95,0.35833333333333334,39,41,6,78,13,47,7,77,8,1,6.362198858620957,922.5188345000388,1526.9277260690296,1269.703448275862,184107.0,304728.8275862069,0.7482517482517482,0.7342657342657343,0.6363636363636364,0.6013986013986014,55,32,19,4,0.7333333333333333,0.8666666666666667,0.9111111111111111,0.9111111111111111,0.8301886792452831,0.9056603773584906,0.6415094339622641,0.6226415094339622,0.6666666666666666,0.4,0.35555555555555557,0.26666666666666666,240.0,0.2375,0.2375,97017.0,63152.0,23938.0,160579.8620689655,104527.44827586207,39621.51724137931,669.0827586206897,435.5310344827586,165.08965517241379,48.64257180001732,17.136873000024927,856.7393896999965,80.51184297933901,28.36447944831712,1418.0514036413736,0.33546601241391255,0.11818533103465467,5.90854751517239
LLama1b7,120,120,240,120,68,52,120,0.2833333333333333,30,34,4,63,13,37,7,62,6,0,6.360576611666784,763.269193400014,1526.538386800028,1258.0916666666667,150971.0,301942.0,0.675,0.75,0.6416666666666667,0.5833333333333334,43,26,15,2,0.75,0.8888888888888888,0.9444444444444444,0.9722222222222222,0.7954545454545454,0.9318181818181818,0.6818181818181818,0.6363636363636364,0.475,0.425,0.325,0.175,240.0,0.21666666666666667,0.21666666666666667,80621.0,51778.0,18572.0,161242.0,103556.0,37144.0,671.8416666666667,431.48333333333335,154.76666666666668,40.94775809999919,12.722401500010161,709.5990338000047,81.89551619999838,25.444803000020322,1419.1980676000094,0.34123131749999325,0.10602001250008468,5.9133252816667055
LLama1b8,137,137,240,137,76,61,103,0.31666666666666665,37,34,5,73,11,42,11,72,2,2,5.8983807532849095,808.0781632000326,1415.6113807883783,1262.7080291970804,172991.0,303049.92700729927,0.7058823529411765,0.7777777777777778,0.5925925925925926,0.5851851851851851,47,33,9,5,0.723404255319149,0.9130434782608695,0.8913043478260869,0.9130434782608695,0.7446808510638298,0.8723404255319149,0.48936170212765956,0.5957446808510638,0.6428571428571429,0.5238095238095238,0.38095238095238093,0.21428571428571427,240.0,0.1875,0.1875,92320.0,59918.0,20753.0,161728.46715328467,104965.8394160584,36355.620437956204,673.8686131386861,437.35766423357666,151.4817518248175,49.46103780002886,17.430378399993053,741.1867470000107,86.64707351829873,30.534969459841847,1298.4293378102377,0.3610294729929114,0.1272290394160077,5.410122240875991
LLama3b1,214,214,240,214,175,39,26,0.7291666666666666,69,69,37,152,25,37,0,151,18,6,2.690851543457993,575.8422303000106,645.8043704299183,1143.892523364486,244793.0,274534.20560747664,0.9813084112149533,0.897196261682243,0.8504672897196262,0.8364485981308412,157,69,65,23,1.0,1.0,0.9857142857142858,1.0,0.9863013698630136,0.9863013698630136,0.9041095890410958,1.0,0.9577464788732394,0.704225352112676,0.6619718309859155,0.5070422535211268,240.0,0.775,0.775,134621.0,91431.0,18741.0,150976.82242990655,102539.43925233644,21017.943925233645,629.0700934579439,427.24766355140184,87.57476635514018,77.95320200000606,25.83490870000093,472.05411960000356,87.42415177570773,28.973729383178615,529.406489271032,0.36426729906544886,0.1207238724299109,2.2058603719626335
LLama3b2,218,218,240,218,185,33,22,0.7708333333333334,71,68,46,152,28,38,0,152,25,8,2.8575625032102243,622.9486256998289,685.8150007704538,1144.2477064220184,249446.0,274619.4495412844,0.9861751152073732,0.8940092165898618,0.8525345622119815,0.8294930875576036,157,69,65,23,0.9722222222222222,1.0,0.9861111111111112,1.0,1.0,1.0,0.9154929577464789,1.0,0.9864864864864865,0.6891891891891891,0.6621621621621622,0.5,240.0,0.7875,0.7875,137327.0,93270.0,18849.0,151185.68807339447,102682.56880733944,20751.192660550456,629.940366972477,427.8440366972477,86.46330275229357,83.1477669999998,25.85451079999938,513.9463478998296,91.53882605504565,28.46368161467822,565.8124931007299,0.3814117752293569,0.11859867339449258,2.357552054586374
LLama3b3,222,222,240,222,186,36,18,0.775,75,69,42,156,33,33,0,156,26,4,2.5567266716214854,567.5933210999698,613.6144011891565,1128.3693693693695,250498.0,270808.64864864864,0.9684684684684685,0.8963963963963963,0.8423423423423423,0.8243243243243243,156,71,65,20,0.9473684210526315,1.0,0.9868421052631579,1.0,1.0,1.0,0.9027777777777778,1.0,0.9594594594594594,0.6891891891891891,0.6351351351351351,0.47297297297297297,240.0,0.7708333333333334,0.7708333333333334,139235.0,94961.0,16302.0,150524.32432432432,102660.54054054055,17623.783783783783,627.1846846846847,427.7522522522523,73.43243243243244,78.90701480000021,26.248690799999615,462.43761549997,85.3048808648651,28.37696302702661,499.9325572972649,0.3554370036036046,0.1182373459459442,2.083052322071937
LLama3b4,217,217,240,217,179,38,23,0.7458333333333333,73,67,39,152,29,36,0,152,21,6,2.7537847580642176,597.5712924999352,660.9083419354122,1140.073732718894,247396.0,273617.69585253455,0.9769585253456221,0.8894009216589862,0.8433179723502304,0.8202764976958525,155,72,60,23,0.9864864864864865,1.0,0.9864864864864865,1.0,0.9714285714285714,0.9857142857142858,0.8714285714285714,1.0,0.9726027397260274,0.684931506849315,0.6712328767123288,0.4657534246575342,240.0,0.7375,0.7375,136318.0,92900.0,18178.0,150766.45161290324,102746.54377880185,20104.700460829496,628.1935483870968,428.110599078341,83.76958525345623,79.76039529999974,25.508545900000165,492.30235129993525,88.21426208294902,28.212216663594653,544.4818631888685,0.3675594253456209,0.11755090276497772,2.268674429953619
LLama3b5,225,225,240,225,183,42,15,0.7625,71,71,41,158,28,39,0,158,19,6,2.750220244889031,618.799555100032,660.0528587733675,1148.12,258327.0,275548.8,0.9822222222222222,0.8839285714285714,0.8311111111111111,0.8177777777777778,160,69,67,24,0.9861111111111112,0.9859154929577465,0.9861111111111112,1.0,0.9736842105263158,0.9736842105263158,0.8947368421052632,0.9868421052631579,0.987012987012987,0.7012987012987013,0.6233766233766234,0.4805194805194805,240.0,0.7833333333333333,0.7833333333333333,142130.0,96401.0,19796.0,151605.3333333333,102827.73333333334,21115.733333333334,631.6888888888889,428.4488888888889,87.98222222222222,82.58671730000037,27.73281600000052,508.48002180003095,88.09249845333372,29.581670400000554,542.378689920033,0.3670520768888905,0.1232569600000023,2.259911208000138
LLama3b6,216,216,240,216,181,35,24,0.7541666666666667,71,67,43,155,29,32,0,155,21,5,2.5931872134255136,560.1284380999109,622.3649312221232,1132.0925925925926,244532.0,271702.22222222225,0.9861111111111112,0.8981481481481481,0.8333333333333334,0.8564814814814815,157,69,61,27,0.9722222222222222,1.0,0.9861111111111112,1.0,1.0,1.0,0.8591549295774648,1.0,0.9863013698630136,0.6986301369863014,0.6575342465753424,0.5753424657534246,240.0,0.7625,0.7625,136116.0,92274.0,16142.0,151240.0,102526.66666666667,17935.555555555555,630.1666666666666,427.19444444444446,74.73148148148148,79.66727439999994,26.096721700000096,454.3644419999109,88.51919377777772,28.996357444444552,504.84937999990103,0.3688299740740738,0.12081815601851896,2.103539083332921
LLama3b7,211,211,240,211,169,42,29,0.7041666666666667,72,61,36,142,32,37,0,142,23,4,2.9299077161140388,618.2105281000622,703.1778518673693,1147.4028436018957,242102.0,275376.68246445496,0.981042654028436,0.8909952606635071,0.8483412322274881,0.8151658767772512,147,70,58,19,0.9861111111111112,0.9861111111111112,0.9861111111111112,1.0,0.9846153846153847,1.0,0.9076923076923077,1.0,0.972972972972973,0.7027027027027027,0.6621621621621622,0.47297297297297297,240.0,0.7666666666666667,0.7666666666666667,133222.0,90514.0,18366.0,151532.1327014218,102954.31279620853,20890.236966824643,631.3838862559242,428.97630331753555,87.04265402843602,76.39424100000053,25.112443200000932,516.7038439000607,86.89392341232289,28.563916436020016,587.7200120190264,0.36205801421801204,0.11901631848341673,2.44883338341261
LLama3b8,218,218,240,218,188,30,22,0.7833333333333333,75,68,45,156,30,32,0,156,24,8,2.4396727848622035,531.8486670999604,585.5214683669288,1123.197247706422,244857.0,269567.3394495413,0.9770642201834863,0.8990825688073395,0.8532110091743119,0.8623853211009175,161,72,64,25,0.96,0.9733333333333334,1.0,1.0,1.0,1.0,0.8888888888888888,0.9861111111111112,0.971830985915493,0.7183098591549296,0.6619718309859155,0.5915492957746479,240.0,0.7666666666666667,0.7666666666666667,136276.0,93045.0,15536.0,150028.623853211,102434.8623853211,17103.853211009173,625.1192660550458,426.8119266055046,71.26605504587155,74.49418450000019,26.48402580000083,430.87045679995936,82.01194623853232,29.15672565137706,474.35279647701947,0.34171644266055134,0.12148635688073775,1.9764699853209144
